nome,estrelas,idade_anos,releases,total_classes,loc_total,loc_media,loc_mediana,total_methods,cbo_media,cbo_mediana,cbo_desvio,dit_media,dit_mediana,dit_desvio,lcom_media,lcom_mediana,lcom_desvio
Snailclimb/JavaGuide,154216,7.85,0,3,300,100.0,10.0,11,2.3333,0.0,4.0415,1.0,1.0,0.0,14.3333,0.0,24.8261
krahets/hello-algo,123202,3.35,10,215,7707,35.8465,30.0,793,1.8744,2.0,1.5126,1.0,1.0,0.0,4.707,1.0,10.4579
GrowingGit/GitHub-Chinese-Top-Charts,106824,6.52,0,1,5,5.0,5.0,1,0.0,0.0,,1.0,1.0,,0.0,0.0,
macrozheng/mall,83131,7.94,3,760,100903,132.7671,31.5,14173,3.9342,3.0,4.9669,1.2395,1.0,0.4392,1110.8039,13.0,8155.5552
doocs/advanced-java,78899,7.43,1,1,5,5.0,5.0,1,0.0,0.0,,1.0,1.0,,0.0,0.0,
MisterBooo/LeetCodeAnimation,76717,7.27,0,4,78,19.5,18.5,8,1.0,1.0,0.0,1.0,1.0,0.0,0.0,0.0,0.0
TheAlgorithms/Java,65200,9.66,0,1753,71990,41.0667,28.0,8340,2.0787,2.0,1.4791,1.0388,1.0,0.261,11.1107,1.0,37.0639
kdn251/interviews,64946,9.07,0,257,5621,21.8716,20.0,365,1.1946,1.0,1.2535,1.0039,1.0,0.0624,0.2918,0.0,0.9294
termux/termux-app,51903,10.39,95,321,24563,76.5202,31.0,2282,5.9128,4.0,7.1871,1.4299,1.0,0.7042,60.8255,0.0,236.3712
google/guava,51500,11.79,57,6385,254113,39.7984,9.0,30048,4.0985,2.0,5.6985,1.8036,1.0,2.255,48.3861,0.0,449.7909
ReactiveX/RxJava,48484,13.17,243,11869,370704,31.233,5.0,34325,2.5248,1.0,5.2534,1.3188,1.0,0.8866,47.4561,0.0,1802.7536
skylot/jadx,47610,12.99,34,3074,138052,44.9096,18.0,14490,4.364,3.0,6.4729,1.6474,1.0,1.239,32.2882,0.0,317.5189
PhilJay/MPAndroidChart,38226,11.88,44,306,21111,68.9902,25.0,2369,8.8431,5.0,10.0066,1.9804,1.0,1.2306,91.0327,1.0,517.7972
halo-dev/halo,38084,7.98,252,1598,55893,34.9768,17.0,5780,7.6546,5.0,7.3488,1.2528,1.0,0.632,7.6521,0.0,31.4224
TeamNewPipe/NewPipe,37515,10.52,141,512,39386,76.9258,26.0,3800,8.6621,5.0,10.5829,1.7168,1.0,1.1416,47.498,1.0,247.5008
geekxh/hello-algorithm,36021,5.79,0,3,61,20.3333,26.0,4,1.0,1.0,1.0,1.0,1.0,0.0,0.0,0.0,0.0
airbnb/lottie-android,35600,9.43,63,291,18159,62.4021,24.0,1795,6.9656,5.0,8.3484,1.2887,1.0,0.6479,35.8007,0.0,302.4854
ashishps1/awesome-system-design-resources,35010,2.38,0,11,336,30.5455,26.0,37,0.8182,1.0,0.603,1.0,1.0,0.0,0.0,0.0,0.0
netty/netty,34844,15.34,0,7821,387941,49.6025,12.0,42920,4.4884,3.0,5.8637,1.5272,1.0,1.1959,68.8816,0.0,1153.1143
SeleniumHQ/selenium,34117,13.16,114,2073,99028,47.7704,20.0,11476,5.7921,4.0,7.0052,1.3825,1.0,1.0489,33.5977,1.0,285.8883
zxing/zxing,33884,14.42,32,597,40179,67.3015,31.0,3249,4.9849,4.0,4.8037,1.6616,2.0,0.7703,22.8878,0.0,130.647
alibaba/easyexcel,33761,8.1,14,560,20545,36.6875,15.0,2308,6.6321,5.0,6.0929,1.375,1.0,0.8345,32.025,1.0,355.6685
Blankj/AndroidUtilCode,33706,9.62,117,670,39995,59.694,14.0,4936,4.1687,2.0,5.5623,1.3642,1.0,0.8356,144.9537,0.0,960.5051
ityouknow/spring-boot-examples,30646,9.35,0,307,4461,14.5309,7.0,882,4.7264,4.0,3.1044,1.0261,1.0,0.1596,5.0326,0.0,16.3495
chinabugotech/hutool,30340,11.92,157,2727,135824,49.8071,18.0,18407,3.5394,3.0,3.8349,1.2805,1.0,0.7493,101.0689,0.0,952.6421
xuxueli/xxl-job,29980,10.29,42,169,8615,50.9763,28.0,807,4.9941,3.0,5.6194,1.1598,1.0,0.4132,24.5444,0.0,102.3985
alibaba/canal,29623,13.16,32,1054,112746,106.9696,30.0,8572,5.8008,4.0,6.4409,1.3786,1.0,0.8211,77.0342,1.0,466.3286
alibaba/druid,28225,14.36,52,5963,349344,58.5853,21.0,36587,5.2329,4.0,12.9187,1.6549,2.0,0.9245,229.5103,0.0,5185.4499
lenve/vhr,28077,8.19,0,94,2971,31.6064,20.0,682,4.4362,2.0,5.843,1.0213,1.0,0.1451,48.3298,6.0,225.795
crossoverJie/JCSprout,27013,8.24,0,162,4399,27.1543,15.0,374,1.963,1.0,1.858,1.0926,1.0,0.3664,1.7654,0.0,6.3584
kestra-io/kestra,26533,6.55,405,2132,76177,35.7303,14.0,8700,8.2613,6.0,8.9939,1.485,1.0,0.872,16.2992,0.0,96.2328
alibaba/fastjson,25706,14.36,84,6327,206496,32.6373,13.0,21439,1.8524,1.0,2.7788,1.5043,1.0,0.7132,126.1212,0.0,3281.9663
JakeWharton/butterknife,25419,13.02,0,272,7712,28.3529,8.0,667,3.9596,2.0,6.4139,1.2353,1.0,0.7109,10.4816,0.0,75.8065
scwang90/SmartRefreshLayout,25177,8.78,14,341,18146,53.2141,12.0,1308,6.651,3.0,7.5913,1.5073,1.0,0.8493,30.3196,0.0,295.0474
jenkinsci/jenkins,25094,15.3,480,4118,188273,45.7195,16.0,19892,6.3477,4.0,8.5302,1.9082,2.0,1.7661,46.5209,0.0,909.5196
proxyee-down-org/proxyee-down,24801,8.38,49,60,3392,56.5333,36.5,318,5.5167,4.0,6.2232,1.4667,1.0,0.9291,19.5167,2.0,49.7286
greenrobot/EventBus,24760,13.66,7,183,5269,28.7923,8.0,575,3.4262,3.0,3.0659,1.8361,1.0,1.4241,9.0546,0.0,35.0823
google/gson,24341,10.98,12,1082,34782,32.146,8.0,3318,3.0333,2.0,4.4546,1.2856,1.0,1.0255,20.5906,0.0,377.6397
dataease/dataease,23590,5.11,105,1124,44335,39.444,9.0,3937,4.9653,3.0,7.4983,1.2046,1.0,0.6758,28.2242,0.0,185.0378
doocs/source-code-hunter,23127,6.37,0,1,5,5.0,5.0,1,0.0,0.0,,1.0,1.0,,0.0,0.0,
LSPosed/LSPosed,23044,5.25,39,427,22952,53.7518,12.0,2039,5.5222,3.0,7.2472,1.6464,1.0,1.287,48.1148,0.0,319.8493
ashishps1/awesome-low-level-design,22688,2.32,0,793,14621,18.4376,13.0,2399,2.6343,2.0,2.552,1.1387,1.0,0.4334,3.0542,0.0,11.1441
apache/rocketmq,22371,9.28,24,3002,234558,78.1339,29.0,23494,7.0863,4.0,10.8487,1.3341,1.0,0.7495,135.6103,1.0,2831.5451
kunal-kushwaha/DSA-Bootcamp-Java,22293,4.62,0,253,6614,26.1423,16.0,723,1.2688,1.0,1.2404,1.083,1.0,0.3407,3.502,1.0,11.0107
elunez/eladmin,21944,7.24,1,282,8070,28.617,11.0,959,8.0142,5.0,7.6832,1.1631,1.0,0.4484,6.2589,0.0,19.5636
CarGuo/GSYVideoPlayer,21420,9.33,64,674,32667,48.4674,12.0,3802,5.3264,2.0,6.7788,1.543,1.0,1.4806,52.3457,0.0,301.4195
brettwooldridge/HikariCP,21061,12.43,0,185,11464,61.9676,24.0,1403,4.3838,3.0,4.1961,1.2865,1.0,0.6586,172.6703,0.0,1408.6613
didi/DoKit,20439,7.58,14,1569,80480,51.2938,14.0,8851,4.5035,2.0,5.7316,1.3206,1.0,0.8375,71.7667,0.0,634.399
mybatis/mybatis-3,20395,13.07,46,1756,61067,34.7762,16.0,8625,3.5695,2.0,4.9931,1.238,1.0,0.7795,21.2711,0.0,249.0783
linlinjava/litemall,20195,7.98,8,617,90884,147.2998,37.0,11847,4.6175,3.0,5.8498,1.1264,1.0,0.3326,1532.8849,1.0,9402.6004
ReactiveX/RxAndroid,20182,11.56,20,55,1452,26.4,6.0,149,2.2727,1.0,3.7882,1.1273,1.0,0.4327,3.0909,0.0,11.2337
dianping/cat,18975,13.27,3,1892,98001,51.7976,26.0,9710,5.3784,4.0,5.8887,1.4345,1.0,0.7084,23.0359,1.0,104.2058
Baseflow/PhotoView,18863,13.65,5,45,1792,39.8222,14.0,187,4.7333,3.0,5.5449,1.3556,1.0,0.5703,24.6,0.0,157.2585
lionsoul2014/ip2region,18789,10.36,21,48,2564,53.4167,26.5,246,4.1042,4.0,2.9336,1.2083,1.0,0.5819,11.1875,0.0,34.3131
antlr/antlr4,18785,16.1,31,662,41022,61.9668,20.0,4439,5.7734,3.0,7.226,1.8353,1.0,1.1663,48.3021,0.0,192.8634
williamfiset/Algorithms,18528,8.99,0,461,33198,72.013,49.0,3139,2.6443,2.0,1.7381,1.0542,1.0,0.2267,22.1887,3.0,71.9232
Tencent/APIJSON,18408,9.31,111,70,13925,198.9286,19.0,1558,5.9143,3.0,8.6724,1.2429,1.0,0.6689,1169.3571,5.5,5422.4523
LMAX-Exchange/disruptor,18256,13.47,14,410,13167,32.1146,13.0,1632,4.4805,3.0,4.8221,1.2902,1.0,0.8102,25.8829,0.0,224.6995
forezp/SpringCloudLearning,17979,8.93,0,143,1123,7.8531,5.0,202,4.5524,4.0,2.3667,1.049,1.0,0.2165,0.5455,0.0,1.8604
Tencent/tinker,17812,9.51,60,520,40447,77.7827,28.0,2836,4.7923,3.0,7.1139,1.6038,1.0,2.5056,28.4712,0.0,110.9919
ben-manes/caffeine,17535,11.25,72,1388,88716,63.9164,16.0,9063,5.0569,3.0,6.777,1.5605,1.0,1.4029,164.6347,0.0,1780.4135
infinilabs/analysis-ik,17427,14.24,1,38,2571,67.6579,33.5,265,4.8158,4.0,3.5932,1.3684,1.0,0.4889,15.4211,2.5,28.3593
openzipkin/zipkin,17413,13.77,97,820,38984,47.5415,23.0,4687,6.4488,5.0,5.3722,1.5549,1.0,1.5337,19.3768,1.0,73.7787
justauth/JustAuth,17407,7.11,46,198,6054,30.5758,17.0,900,5.5101,2.0,6.0318,1.3434,1.0,0.5816,12.9848,6.0,19.532
gyoogle/tech-interview-for-developer,17197,6.76,0,13,636,48.9231,42.0,39,1.3077,1.0,0.7511,1.0,1.0,0.0,0.9231,0.0,3.0403
facebook/fresco,17164,11.03,55,1002,46352,46.2595,17.0,5723,6.5699,5.0,6.4691,1.4152,1.0,0.8925,27.1627,0.0,120.0662
alibaba/DataX,17138,8.15,7,1222,81194,66.4435,25.0,5806,4.4959,3.0,5.7499,1.7152,1.0,1.5135,22.6489,0.0,185.316
nostra13/Android-Universal-Image-Loader,17064,14.29,0,140,7434,53.1,28.5,815,4.8643,3.0,4.8772,1.5857,1.0,0.9595,28.8429,0.5,99.819
heibaiying/BigData-Notes,16885,7.01,0,77,2124,27.5844,21.0,218,5.7143,5.0,3.5126,1.2208,1.0,0.4175,0.8182,0.0,1.8619
winterbe/java8-tutorial,16775,11.99,0,88,2081,23.6477,19.0,216,1.0341,1.0,1.0444,1.0,1.0,0.0,3.9091,0.0,9.3275
shuzheng/zheng,16710,9.44,0,509,41742,82.0079,16.0,5625,4.499,3.0,5.717,1.4086,1.0,0.4921,340.8566,0.0,1786.3429
JeffLi1993/springboot-learning-example,16607,9.1,0,114,1641,14.3947,9.5,379,4.614,3.5,3.8684,1.0439,1.0,0.245,2.8509,0.0,6.0327
ashishps1/awesome-leetcode-resources,16033,2.38,0,11,360,32.7273,13.0,28,1.1818,1.0,0.4045,1.0,1.0,0.0,4.7273,0.0,8.2594
android-hacker/VirtualXposed,15973,8.28,50,1453,47736,32.8534,8.0,3821,3.947,2.0,5.3261,2.7928,2.0,11.8586,14.6958,0.0,128.6376
dyc87112/SpringBoot-Learning,15801,9.56,0,269,2790,10.3717,7.0,491,4.4535,4.0,2.9842,1.026,1.0,0.1814,1.4535,0.0,7.1942
android10/Android-CleanArchitecture,15565,11.56,0,105,2260,21.5238,13.0,388,5.1429,4.0,4.6708,1.4286,1.0,0.7052,6.7238,1.0,23.2178
Konloch/bytecode-viewer,15442,11.41,62,414,21768,52.5797,19.0,1737,4.7246,3.0,6.2982,2.0531,1.0,1.8391,13.6884,0.0,59.0612
java-decompiler/jd-gui,15048,10.97,18,407,19309,47.4423,17.0,1596,4.5381,3.0,5.4305,2.4177,1.0,2.3389,11.1155,1.0,51.0733
supertokens/supertokens-core,14961,6.18,109,1020,112598,110.3902,46.0,6522,9.5706,9.0,10.2069,1.45,1.0,0.835,72.8853,3.0,1227.8578
elastic/logstash,14803,15.32,235,932,43709,46.8981,23.0,5264,5.4088,4.0,5.9012,1.6223,1.0,2.1202,21.1899,1.0,103.3012
cryptomator/cryptomator,14756,12.11,204,473,19100,40.3805,22.0,2546,8.4059,6.0,8.1326,1.4207,1.0,0.9625,19.5962,1.0,69.0083
arduino/Arduino,14548,15.49,37,450,25793,57.3178,18.0,2349,3.8533,2.0,5.7425,1.6444,1.0,1.5617,32.7222,0.0,208.261
hdodenhof/CircleImageView,14542,12.15,0,3,360,120.0,12.0,39,11.0,5.0,13.0767,2.3333,2.0,0.5774,178.6667,0.0,309.4597
Tencent/QMUI_Android,14526,8.89,35,1066,58309,54.6989,11.0,5399,5.4681,3.0,6.5639,1.6295,1.0,1.3401,35.3424,0.0,197.8988
alibaba/ARouter,14504,9.24,16,98,3165,32.2959,10.0,372,3.6939,2.0,4.9103,1.4082,1.0,0.7843,17.449,0.0,83.3327
DuGuQiuBai/Java,14161,10.3,0,619,10840,17.5121,12.0,1013,0.7722,0.0,1.3127,1.1777,1.0,0.7357,1.0792,0.0,5.1945
Netflix/zuul,13993,13.0,58,517,22394,43.3153,20.0,2701,6.5745,4.0,7.8011,1.6132,1.0,1.016,25.2186,1.0,139.1538
janishar/mit-deep-learning-book-pdf,13954,8.93,3,1,2,2.0,2.0,0,0.0,0.0,,1.0,1.0,,0.0,0.0,
orhanobut/logger,13879,10.98,16,18,827,45.9444,36.0,104,5.8333,6.0,3.0534,1.1667,1.0,0.3835,14.9444,0.0,35.5866
sqshq/piggymetrics,13867,10.96,2,99,1881,19.0,11.0,304,6.0404,5.0,4.3423,1.0606,1.0,0.2398,3.8283,0.0,10.0793
xpipe-io/xpipe,13856,3.12,145,1595,68997,43.2583,21.0,6749,7.0502,5.0,6.7242,1.6514,1.0,1.2494,19.7154,1.0,175.512
lgvalle/Material-Animations,13799,11.01,0,45,1010,22.4444,8.0,122,4.4,2.0,4.0587,1.4667,1.0,0.7568,4.7556,0.0,16.1078
seaswalker/spring-analysis,13771,9.51,0,33,378,11.4545,8.0,79,2.4242,2.0,2.6461,1.2424,1.0,0.7513,1.7879,0.0,3.1894
JessYanCoding/AndroidAutoSize,13745,7.57,14,49,1720,35.102,15.0,257,5.4082,4.0,4.2373,1.4082,1.0,0.4966,31.2857,1.0,136.3002
LuckSiege/PictureSelector,13594,9.19,116,737,39103,53.057,12.0,3943,5.156,2.0,8.658,1.2374,1.0,0.669,49.4491,0.0,372.1858
tink-crypto/tink,13564,11.77,21,1465,82161,56.0826,30.0,9012,7.6662,5.0,7.4304,1.2887,1.0,1.2416,30.0758,1.0,184.0465
Bigkoo/Android-PickerView,13470,11.21,0,91,4421,48.5824,7.0,393,3.7253,2.0,5.0576,1.1538,1.0,0.3628,15.4945,0.0,90.5636
macrozheng/mall-learning,13363,6.92,0,249,14384,57.7671,16.0,2211,4.9719,3.0,4.5245,1.1044,1.0,0.3064,229.51,0.0,1250.4184
pxb1988/dex2jar,13082,10.99,8,571,41715,73.056,22.0,2478,5.4256,3.0,6.8364,1.5709,1.0,0.9822,21.1331,0.0,136.5139
youth5201314/banner,13043,9.89,0,73,2724,37.3151,20.0,326,6.0822,5.0,6.1571,1.8356,2.0,0.6875,47.6849,1.0,350.8988
macrozheng/mall-swarm,12863,6.3,3,764,101603,132.9882,32.0,14486,3.788,3.0,4.7299,1.2317,1.0,0.4344,1106.2291,13.0,8134.4105
plantuml/plantuml,12790,15.35,67,4129,198002,47.954,22.0,23422,7.1276,5.0,7.4365,1.5229,1.0,0.8708,35.8184,1.0,609.0103
Netflix/conductor,12785,9.26,319,664,47052,70.8614,28.0,5801,7.4985,5.0,8.2502,1.2545,1.0,0.5628,78.6747,0.0,646.6733
google/guice,12735,11.79,19,3886,84793,21.8201,6.0,8420,3.8006,2.0,5.4113,1.3047,1.0,1.2505,8.4622,0.0,77.8651
facebook/stetho,12707,11.13,13,588,19241,32.7228,10.0,1861,4.3793,3.0,5.3724,1.4235,1.0,1.2489,7.4966,0.0,31.2481
Netflix/eureka,12700,13.63,151,747,33563,44.9304,18.0,3590,5.8594,4.0,6.4368,1.2691,1.0,0.7032,18.6131,0.0,134.1853
greenrobot/greenDAO,12619,14.39,8,364,18545,50.9478,25.0,2510,5.0137,4.0,4.6936,2.1016,1.0,1.7163,47.4533,1.0,241.2834
zhihu/Matisse,12565,8.91,15,76,3418,44.9737,20.0,385,6.6579,5.0,7.3839,1.3947,1.0,0.6341,8.0789,0.0,16.1384
daimajia/AndroidViewAnimations,12473,11.72,9,82,965,11.7683,5.0,137,3.378,2.0,7.0302,1.8049,2.0,0.3987,2.2927,0.0,12.8894
pagehelper-org/Mybatis-PageHelper,12388,11.76,15,184,7474,40.6196,23.0,723,5.8207,6.0,4.894,1.4565,1.0,0.861,29.3913,0.0,189.8227
daimajia/AndroidSwipeLayout,12385,11.55,18,74,2770,37.4324,6.0,317,3.7162,2.0,4.945,1.3243,1.0,0.5993,58.9054,0.0,480.2844
redis/jedis,12291,15.75,120,1375,121541,88.3935,27.0,16193,5.7302,3.0,8.8478,1.4364,1.0,0.9705,484.6953,1.0,14070.1562
amitshekhariitbhu/android-interview-questions,12286,8.68,0,1,5,5.0,5.0,1,0.0,0.0,,1.0,1.0,,0.0,0.0,
Team-xManager/xManager,12166,5.09,51,524,21822,41.645,7.0,696,2.0172,2.0,2.6042,1.021,1.0,0.2426,4.7328,0.0,69.899
Yalantis/uCrop,12113,10.18,20,77,4707,61.1299,13.0,481,6.3377,3.0,8.6581,1.3636,1.0,0.8415,28.9091,1.0,81.5451
beemdevelopment/Aegis,12107,9.57,73,458,24210,52.8603,21.5,2271,7.4323,5.0,9.5265,1.7096,1.0,1.0274,22.8712,1.0,143.4691
PaperMC/Paper,11983,10.14,0,4247,162674,38.3033,15.0,27566,6.9579,5.0,12.1903,1.6819,1.0,1.3038,102.0989,1.0,1611.0151
provectus/kafka-ui,11953,6.29,25,513,18139,35.3587,20.0,2414,7.2437,5.0,7.312,1.5107,1.0,1.0736,17.1345,1.0,86.1316
Tencent/VasSonic,11881,8.61,10,111,7421,66.8559,19.0,565,4.1982,2.0,4.9005,1.2793,1.0,0.5904,21.6126,0.0,96.0425
OpenRefine/OpenRefine,11778,13.41,76,1403,73420,52.3307,26.0,7292,6.69,5.0,6.6063,1.6878,1.0,0.8975,13.0919,1.0,59.3074
code4craft/webmagic,11703,12.89,33,344,8794,25.564,15.0,1209,4.532,4.0,3.8717,1.1831,1.0,0.5852,11.4651,1.0,76.6404
newbee-ltd/newbee-mall,11529,6.48,0,89,3935,44.2135,29.0,727,5.0337,2.0,6.2458,1.0674,1.0,0.4472,34.9101,4.0,68.1755
realm/realm-java,11492,13.89,0,1912,110167,57.6187,9.0,10890,4.2934,2.0,6.755,1.2129,1.0,0.7242,51.7484,0.0,656.6609
careercup/CtCI-6th-Edition,11480,10.7,0,609,21093,34.6355,28.0,2126,2.1281,2.0,1.5665,1.069,1.0,0.3322,4.4828,1.0,16.6981
gyf-dev/ImmersionBar,11470,8.9,0,142,7237,50.9648,19.0,875,6.3521,5.0,7.1133,2.1056,2.0,1.0015,159.2535,3.0,1752.5199
jd-opensource/joyagent-jdgenie,11425,0.66,1,252,9182,36.4365,12.0,570,4.9802,4.0,5.6487,1.119,1.0,0.4482,4.7341,0.0,17.5112
jhy/jsoup,11348,16.23,21,439,39504,89.9863,27.0,3934,6.1207,4.0,7.1877,1.7654,1.0,3.068,228.8656,1.0,1827.629
ssssssss-team/spider-flow,11309,5.96,2,161,8748,54.3354,29.0,966,5.3851,4.0,5.1697,1.7329,1.0,3.4018,20.3292,1.0,49.7851
mission-peace/interview,11308,11.65,0,667,27259,40.8681,35.0,1850,2.0135,2.0,1.2222,1.0375,1.0,0.3101,3.4093,1.0,13.5578
lingochamp/FileDownloader,11128,10.22,65,269,14387,53.4833,18.0,1712,4.5279,2.0,5.4496,1.6877,1.0,2.5036,42.0149,1.0,232.448
H07000223/FlycoTabLayout,11114,10.34,4,33,2730,82.7273,16.0,326,6.4545,3.0,8.8674,1.5455,1.0,0.7111,223.0909,1.0,720.4494
apple/pkl,11084,2.15,20,1696,68175,40.1975,13.0,7737,6.3915,5.0,8.1569,4.3237,3.0,15.3236,29.8892,0.0,223.9774
jwtk/jjwt,11053,11.5,9,555,16052,28.9225,9.0,2390,5.6234,4.0,6.8309,1.9946,1.0,2.3819,25.8342,1.0,142.1454
jfeinstein10/SlidingMenu,11025,13.7,0,74,3085,41.6892,13.0,428,4.7703,3.0,5.2331,1.8243,1.0,1.1977,47.4459,0.0,228.9914
asLody/VirtualApp,10938,9.68,0,1420,46624,32.8338,8.0,4144,3.9387,2.0,5.2669,2.588,2.0,11.2711,15.6113,0.0,114.8095
square/javapoet,10864,13.11,0,99,7543,76.1919,17.0,857,4.5152,2.0,5.9202,1.1515,1.0,0.6122,129.2929,0.0,749.2441
clojure/clojure,10829,15.7,0,917,46848,51.0883,3.0,4624,3.6009,0.0,7.8759,1.4951,1.0,2.3427,130.2072,0.0,1974.7447
TooTallNate/Java-WebSocket,10803,16.14,19,262,13166,50.2519,19.0,1445,3.5916,2.0,4.1602,1.8168,1.0,1.3493,37.0573,6.0,184.2293
alibaba/vlayout,10765,9.04,34,159,14042,88.3145,13.0,1144,5.3145,3.0,6.7149,1.8553,1.0,1.4919,72.5409,0.0,368.4281
zfile-dev/zfile,10688,6.57,67,435,13242,30.4414,12.0,1211,7.0943,4.0,8.1372,1.4828,1.0,1.091,9.7977,0.0,47.4374
android-async-http/android-async-http,10627,15.06,3,154,7620,49.4805,25.0,887,5.6623,4.0,6.1508,1.7857,1.0,1.0784,45.8766,3.0,293.7046
jeasonlzy/okhttp-OkGo,10593,10.16,14,361,13418,37.169,14.0,1613,5.5956,5.0,5.0687,1.6233,1.0,1.076,19.446,0.0,124.4989
google/auto,10554,12.81,67,1142,32095,28.1042,8.0,4167,4.1217,3.0,8.6064,1.718,1.0,3.2583,25.5806,1.0,270.1165
lipangit/JiaoZiVideoPlayer,10493,10.1,78,69,4511,65.3768,30.0,515,7.2754,6.0,6.4463,2.1159,2.0,0.9782,56.6377,4.0,213.1836
tbruyelle/RxPermissions,10448,10.45,11,20,876,43.8,11.5,101,4.65,2.0,5.6687,1.1,1.0,0.3078,10.1,0.0,33.5244
signalapp/Signal-Server,10435,12.26,0,1228,59130,48.1515,20.0,6172,9.2647,5.0,13.6965,1.4788,1.0,0.9582,15.7345,0.0,104.0442
JessYanCoding/MVPArms,10277,9.6,25,149,5986,40.1745,19.0,850,6.6443,5.0,5.9378,1.2819,1.0,0.5704,32.1007,3.0,147.0249
iflytek/astron-agent,10129,0.48,11,1442,71900,49.8613,12.0,5351,6.3169,4.0,8.9986,1.0652,1.0,0.2836,23.0915,0.0,269.4302
JakeWharton/ViewPagerIndicator,10086,14.61,0,66,2947,44.6515,13.0,284,5.4394,5.5,4.6876,2.2424,3.0,0.8604,29.2727,0.0,127.3397
stanfordnlp/CoreNLP,10062,12.71,19,4305,557599,129.5236,26.0,34564,5.7045,3.0,7.6402,1.4592,1.0,1.4905,148.5786,0.0,1831.5545
ZCShou/GoGoGo,10017,4.27,8,48,3813,79.4375,18.5,200,7.25,3.0,12.5401,1.4583,1.0,0.7133,12.875,1.0,46.0982
JingMatrix/LSPosed,9975,2.65,4,396,21851,55.1793,12.0,1971,5.4167,3.0,7.3195,1.6616,1.0,1.2972,53.7424,0.0,338.3213
happydog-intj/JsBridge,9927,11.04,0,32,1160,36.25,5.0,149,3.5,1.5,5.0032,1.1562,1.0,0.3689,17.0938,0.0,51.7403
wasabeef/glide-transformations,9917,11.17,0,27,991,36.7037,27.0,147,5.5556,5.0,3.3551,2.1481,2.0,0.7698,2.7778,0.0,4.5348
googlesamples/easypermissions,9905,10.22,12,33,1705,51.6667,28.0,248,8.9394,8.0,5.8038,1.4848,1.0,0.6185,12.2121,6.0,21.7741
hackware1993/MagicIndicator,9815,9.71,12,103,4533,44.0097,21.0,589,5.0,4.0,4.5353,1.3398,1.0,0.5697,26.9417,3.0,79.4616
OpenFeign/feign,9790,12.71,47,1311,39772,30.3371,9.0,4857,5.0633,3.0,6.2363,1.6812,1.0,3.1792,14.2937,0.0,88.3206
HarlonWang/AVLoadingIndicatorView,9781,10.38,1,92,2161,23.4891,6.0,185,3.5652,2.0,2.3641,1.7826,1.0,1.0465,6.75,0.0,42.8446
lihengming/spring-boot-api-project-seed,9715,8.72,4,15,484,32.2667,12.0,60,5.0,4.0,4.6752,1.2667,1.0,0.7988,9.7333,0.0,18.6719
YoKeyword/Fragmentation,9708,10.05,30,284,8981,31.6232,11.0,1203,5.2324,3.0,5.1647,1.7077,1.0,1.0973,15.1162,0.0,102.2694
perwendel/spark,9664,14.86,0,221,9588,43.3846,20.0,1360,4.543,3.0,4.7342,1.2986,1.0,0.7813,47.1176,0.0,408.4721
koral--/android-gif-drawable,9660,13.11,63,64,2949,46.0781,21.0,478,6.125,4.0,6.3633,1.6562,1.0,1.2875,59.7344,0.0,286.6599
apache/cassandra,9658,16.81,0,13094,779182,59.5068,23.0,81919,6.8882,5.0,8.0481,1.7646,1.0,1.8522,60.4733,1.0,1450.3386
bilibili/DanmakuFlameMaster,9609,12.59,5,172,12879,74.8779,20.0,1202,5.1628,3.0,6.1204,1.6105,1.0,1.3742,47.5058,1.0,158.9376
MyCATApache/Mycat-Server,9548,11.27,7,1291,92943,71.993,33.0,8291,4.8954,3.0,6.2148,1.2943,1.0,0.7208,78.488,0.0,882.9322
seven332/EhViewer,9545,11.83,97,601,44372,73.8303,25.0,3542,7.1448,4.0,10.2004,1.822,1.0,1.5099,45.2629,1.0,450.4538
liaohuqiu/android-Ultra-Pull-To-Refresh,9534,11.33,8,161,5476,34.0124,10.0,570,4.0186,2.0,4.3164,1.4037,1.0,0.7192,19.1429,0.0,138.9565
crossoverJie/cim,9491,7.81,9,201,5634,28.0299,13.0,679,4.8856,4.0,4.8582,1.2836,1.0,0.7444,5.8408,0.0,16.8833
umano/AndroidSlidingUpPanel,9485,12.78,8,17,2011,118.2941,8.0,160,4.9412,2.0,6.6377,1.3529,1.0,0.7859,132.0,0.0,373.9407
Justson/AgentWeb,9408,8.84,21,256,11320,44.2188,12.0,1150,5.3984,3.0,7.3483,1.4883,1.0,0.998,18.793,0.0,99.1625
json-path/JsonPath,9397,15.13,12,384,17152,44.6667,15.0,2108,4.5938,3.0,4.9664,1.4766,1.0,1.074,29.3906,0.0,121.2187
pockethub/PocketHub,9381,14.51,1,212,6980,32.9245,21.0,810,6.5755,5.0,5.3413,1.4811,1.0,0.7633,9.0425,0.0,35.2517
huanghaibin-dev/CalendarView,9369,9.0,1,176,11557,65.6648,28.5,1207,6.5682,4.0,7.1247,2.1591,1.0,1.492,53.1818,3.0,390.128
GcsSloop/AndroidNote,9339,10.18,0,8,402,50.25,28.5,35,4.875,1.0,5.9866,1.375,1.0,0.5175,8.125,3.0,12.744
apache/jmeter,9265,15.79,10,1709,126879,74.2417,34.0,13581,5.5342,4.0,6.0289,1.9994,2.0,1.5043,62.2147,3.0,381.9122
cats-oss/android-gpuimage,9155,13.44,0,153,6341,41.4444,16.0,675,2.9608,2.0,3.7485,2.1569,2.0,1.1927,11.3007,0.0,54.176
didi/VirtualAPK,9065,8.7,4,163,7981,48.9632,17.0,789,4.8957,3.0,6.168,1.6135,1.0,1.4287,17.5767,1.0,66.2798
navasmdc/MaterialDesignLibrary,8952,11.45,3,82,2927,35.6951,13.5,274,4.5366,3.0,4.4947,1.8171,1.0,1.2285,6.7561,0.0,18.9049
KunMinX/Jetpack-MVVM-Best-Practice,8952,6.37,0,119,3691,31.0168,12.0,427,4.8403,3.0,5.079,1.6218,1.0,1.0735,12.0,0.0,68.9678
Freelander/Android_Data,8915,10.94,0,2,116,58.0,58.0,17,2.0,2.0,2.8284,1.0,1.0,0.0,3.0,3.0,4.2426
java-native-access/jna,8905,14.87,0,2384,107353,45.0306,11.0,8744,4.5164,3.0,6.0937,2.3633,2.0,4.3166,44.5864,0.0,513.4095
LSPosed/LSPatch,8875,5.03,9,146,7008,48.0,18.5,746,4.3425,2.0,5.8962,1.3493,1.0,0.8598,23.8767,0.0,186.8812
karatelabs/karate,8800,9.09,55,594,41007,69.0354,23.0,5221,6.5825,5.0,6.8836,1.202,1.0,0.5947,114.1953,1.0,625.3575
frohoff/ysoserial,8799,11.12,1,120,3851,32.0917,19.0,364,5.4583,3.0,5.6552,1.3417,1.0,0.6673,8.8917,1.0,57.4585
nathanmarz/storm,8791,14.49,0,851,60552,71.1539,18.0,5740,4.4254,3.0,5.1484,1.2879,1.0,0.9258,33.0705,1.0,133.1413
laobie/StatusBarUtil,8774,10.07,0,33,1036,31.3939,11.0,99,4.1515,3.0,3.5278,1.5455,1.0,0.8326,22.5455,0.0,124.493
PojavLauncherTeam/PojavLauncher,8767,6.0,126,402,27149,67.5348,23.5,2532,6.1542,3.5,8.0436,1.4104,1.0,0.6907,124.7313,1.0,1599.1227
Blankj/awesome-java-leetcode,8740,8.9,0,72,1772,24.6111,24.0,158,1.6806,2.0,0.5522,1.0,1.0,0.0,1.1667,1.0,0.692
cabaletta/baritone,8718,7.61,85,473,22328,47.2051,19.0,2505,6.6998,4.0,8.2828,1.3869,1.0,0.8081,22.167,1.0,128.1924
chrisbanes/Android-PullToRefresh,8667,14.29,0,82,3567,43.5,17.5,413,6.0244,4.5,5.8415,2.1341,2.0,1.3496,55.8415,1.0,370.8636
ybq/Android-SpinKit,8657,9.98,0,71,1812,25.5211,11.0,263,4.8169,5.0,3.5348,3.169,2.0,2.4668,21.5211,1.0,134.5702
amitshekhariitbhu/Android-Debug-Database,8639,9.32,14,61,2393,39.2295,11.0,247,4.1475,4.0,3.8028,1.2787,1.0,0.5206,8.8033,0.0,22.7983
react-native-image-picker/react-native-image-picker,8635,10.76,142,11,811,73.7273,21.0,71,6.1818,4.0,6.4315,1.5455,2.0,0.5222,66.1818,1.0,211.2401
shwenzhang/AndResGuard,8634,10.42,4,66,6506,98.5758,41.5,488,3.4242,2.0,4.3432,1.5,1.0,0.8638,22.3788,1.5,44.3371
apache/iceberg,8624,7.31,32,4850,334774,69.0256,31.0,36221,8.6058,6.0,8.4076,1.693,1.0,1.687,36.7631,1.0,175.0482
testcontainers/testcontainers-java,8606,10.92,90,924,32564,35.2424,20.0,4251,5.3193,4.0,4.7813,1.4848,1.0,0.8358,21.7359,1.0,163.3892
dropwizard/dropwizard,8602,15.15,192,1385,39973,28.8614,13.0,5782,5.956,4.0,5.9003,1.5155,1.0,1.0043,18.8231,0.0,214.6346
airbnb/epoxy,8574,9.59,78,612,43301,70.7533,11.0,6971,6.8644,4.0,6.1263,1.8235,2.0,1.0997,138.3203,1.0,319.7538
junit-team/junit4,8554,17.16,13,1471,32946,22.397,8.0,4302,3.8681,3.0,4.188,1.4643,1.0,1.0504,12.9613,0.0,130.5393
google/tsunami-security-scanner,8550,5.77,1,298,9082,30.4765,13.0,1396,6.2282,5.0,6.1108,1.5268,1.0,0.9397,15.1208,1.0,53.54
chrisjenx/Calligraphy,8550,12.23,4,25,968,38.72,16.0,114,5.72,5.0,5.0623,1.44,1.0,0.5831,11.36,3.0,26.9442
aeron-io/aeron,8495,12.09,138,1341,126644,94.44,34.0,11430,8.0015,4.0,10.1715,1.3013,1.0,0.9168,117.2028,0.0,1282.3078
DImuthuUpe/AndroidPdfViewer,8465,9.78,0,57,3325,58.3333,10.0,372,4.8596,1.0,8.1118,1.2456,1.0,0.6059,76.7719,0.0,440.4734
wildfirechat/im-server,8455,7.13,114,1031,161075,156.2318,22.0,10806,6.4462,3.0,8.3054,1.5451,1.0,2.5016,112.3201,1.0,462.563
roughike/BottomBar,8387,9.99,4,66,2834,42.9394,6.0,335,4.9091,2.0,6.8337,1.2879,1.0,0.6267,61.6667,0.0,332.0319
bytedeco/javacv,8295,11.89,14,223,26976,120.9686,48.0,2181,6.1256,4.0,6.7705,2.13,1.0,1.9233,134.8475,1.0,709.5326
aritraroy/UltimateAndroidReference,8265,8.92,0,1,22,22.0,22.0,4,1.0,1.0,,1.0,1.0,,0.0,0.0,
alibaba/atlas,8166,9.03,7,2194,157514,71.7931,22.0,13072,5.6386,4.0,6.7196,1.4357,1.0,0.9173,29.8842,1.0,157.4884
alibaba/otter,8137,12.59,10,1296,68163,52.5949,21.0,6785,4.5949,3.0,5.3335,1.4537,1.0,0.9154,32.4545,1.0,252.5435
apache/tomcat,8115,14.45,0,4726,359699,76.1107,22.0,34871,4.5311,3.0,5.8811,1.8168,1.0,1.6657,183.4661,0.0,4472.6853
florent37/MaterialViewPager,8107,10.89,11,44,1616,36.7273,16.0,158,4.5455,3.0,4.8439,1.2955,1.0,0.5532,9.3864,0.0,26.4823
guolindev/LitePal,8087,13.06,0,201,11830,58.8557,17.0,1147,5.01,3.0,5.1624,1.6517,1.0,0.9582,49.4478,0.0,248.8699
junixapp/XPopup,8019,7.26,221,305,12348,40.4852,11.0,1252,4.7049,3.0,6.3208,1.577,1.0,1.1275,22.9016,0.0,135.8779
davemorrissey/subsampling-scale-image-view,8008,12.54,21,72,4262,59.1944,14.5,342,5.625,3.5,6.6193,1.5833,1.0,0.8841,79.7222,0.0,641.0192
Netflix/SimianArmy,7982,13.68,4,305,16056,52.6426,26.0,1766,5.8459,4.0,7.3134,1.423,1.0,0.7747,25.1607,3.0,112.0055
gunnarmorling/1brc,7971,2.21,0,600,53431,89.0517,43.0,2748,3.1667,3.0,2.475,1.09,1.0,0.3814,7.58,1.0,23.5269
JakeWharton/hugo,7916,12.3,0,7,384,54.8571,59.0,44,5.7143,7.0,4.2314,1.1429,1.0,0.378,27.7143,6.0,43.5228
LaurieWired/GhidraMCP,7903,0.97,5,3,1219,406.3333,14.0,59,16.3333,4.0,24.9065,1.6667,2.0,0.5774,459.0,3.0,792.4147
jeecgboot/jimureport,7888,6.27,33,12,350,29.1667,20.5,35,6.1667,5.0,4.0639,1.0,1.0,0.0,2.5,1.0,4.0788
dropwizard/metrics,7853,16.04,142,732,30088,41.1038,20.0,3434,5.526,4.0,4.6365,1.3675,1.0,0.8071,9.1407,0.0,38.1976
HannahMitt/HomeMirror,7833,10.55,0,66,1719,26.0455,11.5,141,2.7273,2.0,4.9444,1.0758,1.0,0.2666,5.3485,0.0,35.4034
exadel-inc/CompreFace,7833,5.68,11,333,7766,23.3213,8.0,968,7.8529,6.0,7.325,1.6577,1.0,1.3297,3.8949,0.0,16.0497
lecho/hellocharts-android,7797,11.42,14,153,10995,71.8627,41.0,1168,6.4248,4.0,6.5941,1.6667,1.0,0.9032,40.2941,1.0,150.0745
ChrisRM/material-theme-jetbrains,7771,10.47,17,357,14517,40.6639,12.0,2131,4.3305,3.0,4.9432,2.2549,2.0,1.4493,84.423,1.0,634.4224
AntennaPod/AntennaPod,7721,13.62,65,856,54924,64.1636,28.0,4936,7.5549,5.0,9.0522,1.4871,1.0,0.7946,20.9042,1.0,102.2569
goldze/MVVMHabit,7710,8.64,3,319,9110,28.558,8.0,1126,3.5831,2.0,3.8262,1.2727,1.0,0.6522,15.7649,0.0,74.0551
vipshop/vjtools,7658,7.79,9,379,18382,48.5013,26.0,1986,3.1346,2.0,3.4733,1.277,1.0,0.7627,26.3008,1.0,106.8064
gedoor/MyBookshelf,7625,7.75,165,669,48375,72.3094,18.0,4661,6.3363,4.0,7.7355,1.4694,1.0,0.8845,58.6622,1.0,338.6104
google/android-classyshark,7599,10.42,17,212,8714,41.1038,16.5,895,3.1698,2.0,3.5665,1.2783,1.0,0.9251,10.25,1.0,27.5689
MuntashirAkon/AppManager,7580,5.79,76,1581,128612,81.3485,31.0,11033,7.9285,5.0,9.1522,1.4744,1.0,0.7498,73.871,1.0,1034.3144
koush/AndroidAsync,7555,13.55,0,543,18086,33.3076,8.0,2071,3.6133,2.0,5.0226,1.5322,1.0,1.7465,19.4401,0.0,84.1103
kaushikgopal/RxJava-Android-Samples,7529,11.64,0,86,2633,30.6163,13.5,343,6.6279,3.0,7.1522,1.8256,1.0,0.9603,9.1977,3.0,25.3488
FongMi/TV,7528,3.72,0,651,30986,47.5975,18.0,5354,6.8694,4.0,8.8669,1.4209,1.0,0.698,107.149,1.0,693.1296
kevin-wayne/algs4,7527,10.53,0,279,22522,80.724,57.0,2494,4.0036,4.0,2.5068,1.0215,1.0,0.1683,47.4695,0.0,263.5181
yuanguangxin/LeetCode,7491,6.17,0,145,3441,23.731,20.0,246,1.2414,1.0,0.6695,1.0,1.0,0.0,0.8414,0.0,2.3264
Genymobile/gnirehtet,7483,9.09,12,81,4330,53.4568,40.0,516,3.7654,2.0,3.5961,1.1852,1.0,0.527,14.2963,1.0,35.2514
lenve/VBlog,7433,8.21,0,29,781,26.931,16.0,177,4.5517,4.0,3.6212,1.0345,1.0,0.1857,29.069,1.0,92.8412
leolin310148/ShortcutBadger,7343,12.32,0,31,885,28.5484,16.0,82,5.2903,5.0,4.5912,1.1613,1.0,0.4544,3.4839,1.0,7.5316
square/dagger,7309,13.61,0,406,8043,19.8103,5.0,800,3.1749,3.0,2.9467,1.2291,1.0,0.7161,5.9877,0.0,45.3628
Bearded-Hen/Android-Bootstrap,7257,12.36,5,79,10389,131.5063,23.0,528,6.962,3.0,8.3212,1.6709,1.0,0.8582,31.3924,2.0,77.891
zhongyi-tong/WeChatLuckyMoney,7247,10.45,20,21,931,44.3333,21.0,85,5.381,3.0,5.1232,1.381,1.0,0.4976,8.8095,1.0,18.4245
Exrick/xmall,7246,8.62,0,316,45293,143.3323,42.5,5375,4.3101,3.0,5.4142,1.1614,1.0,0.417,632.8291,13.0,2870.9312
crazycodeboy/TakePhoto,7237,10.61,15,55,2403,43.6909,28.0,302,5.0545,2.0,5.81,1.2545,1.0,0.5517,10.8909,1.0,22.5805
pedant/sweet-alert-dialog,7236,11.4,2,16,943,58.9375,23.0,84,4.375,1.5,5.5362,1.25,1.0,0.4472,31.0625,0.0,88.9498
NanoHttpd/nanohttpd,7210,13.59,3,144,7106,49.3472,21.0,712,4.3403,3.0,4.3616,1.7917,1.0,1.5639,22.1597,1.0,88.2692
didi/KnowStreaming,7177,5.98,23,934,31517,33.7441,12.0,3038,7.1959,4.0,8.0523,1.8191,1.0,1.0939,10.3223,0.0,44.6116
Alluxio/alluxio,7168,13.22,61,4027,252449,62.6891,30.0,26024,6.9066,5.0,8.3675,1.4835,1.0,1.4853,30.6588,1.0,238.1727
wiremock/wiremock,7162,14.43,52,1843,77808,42.2181,19.0,11725,5.9853,4.0,6.9819,1.4189,1.0,1.1151,69.8437,1.0,798.6696
google/error-prone,7141,11.56,64,3106,107331,34.556,16.0,15292,7.8551,5.0,13.9712,1.5441,1.0,1.094,26.7093,0.0,342.9401
google/agera,7140,10.24,16,290,10897,37.5759,13.0,1564,6.3276,4.0,6.6857,1.2414,1.0,0.5362,14.8448,0.0,106.4947
h2pl/JavaTutorial,7118,7.87,1,3,14,4.6667,6.0,3,0.3333,0.0,0.5774,1.0,1.0,0.0,0.3333,0.0,0.5774
ogaclejapan/SmartTabLayout,7087,11.07,0,45,1912,42.4889,27.0,231,6.3556,4.0,5.7767,1.6444,1.0,0.9806,9.7111,1.0,27.8915
traccar/traccar,7080,13.91,69,1831,69397,37.9011,13.0,4730,5.6111,4.0,4.5856,1.923,2.0,0.8245,6.0306,0.0,48.3381
JakeWharton/ActionBarSherlock,7074,15.02,32,427,26463,61.9742,18.0,2865,6.1265,4.0,7.062,1.9719,1.0,1.5056,63.3981,0.0,264.2789
naman14/Timber,7054,10.75,5,453,21859,48.2539,14.0,1855,5.3996,3.0,6.6799,1.4614,1.0,0.8155,19.7483,0.0,171.8548
Col-E/Recaf,7048,8.63,170,1615,76679,47.4793,19.0,8534,8.3567,6.0,8.9192,1.5851,1.0,0.957,27.761,1.0,173.698
NLPchina/elasticsearch-sql,7027,11.55,302,277,33009,119.1661,39.0,2496,9.5812,6.0,19.7216,2.0794,1.0,1.4991,189.5235,1.0,1270.1838
mrniko/netty-socketio,7027,14.17,19,176,6758,38.3977,15.0,886,4.8239,3.0,6.5315,1.2557,1.0,0.5529,32.1023,0.0,250.0722
DroidPluginTeam/DroidPlugin,6977,10.54,2,786,22301,28.3728,5.0,1484,3.3028,2.0,5.1862,4.388,3.0,8.0387,3.6997,0.0,23.3284
alibaba/jvm-sandbox,6963,8.61,13,435,14407,33.1195,12.0,1688,3.4828,2.0,4.4032,1.3264,1.0,0.8281,12.3609,0.0,57.5955
macrozheng/springcloud-learning,6910,6.51,0,225,5631,25.0267,6.0,910,4.8844,3.0,5.0103,1.0222,1.0,0.1477,85.8756,0.0,846.6479
smuyyh/BookReader,6868,9.61,0,699,30914,44.226,13.0,2945,4.7825,2.0,6.53,1.4378,1.0,0.8136,25.3233,0.0,161.8582
Meituan-Dianping/walle,6868,9.17,1,94,4633,49.2872,21.0,398,3.1489,2.0,4.0797,1.1915,1.0,0.7225,8.6915,0.5,23.4851
logisim-evolution/logisim-evolution,6865,11.48,32,1957,168667,86.1865,37.0,13315,6.0485,4.0,6.4315,2.4231,2.0,2.5332,29.1257,1.0,126.6237
rabbitmq/rabbitmq-tutorials,6863,15.47,0,51,1583,31.0392,21.0,127,4.5882,4.0,2.6622,1.0,1.0,0.0,2.1961,1.0,4.025
hongyangAndroid/okhttputils,6857,10.57,0,70,1961,28.0143,12.0,235,3.7286,2.5,4.0501,1.4571,1.0,0.6524,6.2,0.0,16.7804
getActivity/AndroidProject,6854,7.39,18,367,21674,59.0572,21.0,1955,7.9155,5.0,8.5725,2.2534,1.0,1.7473,19.8529,1.0,57.857
iflytek/astron-rpa,6800,0.48,5,976,39850,40.8299,11.0,4311,5.5615,3.0,8.5789,1.1383,1.0,0.4253,38.1957,0.0,231.9137
guardianproject/haven,6798,9.03,37,79,4561,57.7342,24.0,412,6.8228,4.0,7.3288,1.3924,1.0,0.5866,11.7722,1.0,39.7647
zo0r/react-native-push-notification,6793,10.25,35,29,1884,64.9655,21.0,134,6.3103,4.0,6.877,1.2414,1.0,0.4355,15.4828,0.0,50.2505
Angel-ML/angel,6785,8.88,20,1938,207142,106.8844,34.0,15986,7.4278,5.0,9.9791,1.7466,2.0,0.8761,63.4309,0.0,598.969
fuzhengwei/itstack-demo-design,6782,5.81,0,215,3992,18.5674,14.0,714,2.1674,2.0,2.2816,1.107,1.0,0.3245,5.3256,0.0,12.476
527515025/springBoot,6771,9.34,0,264,6250,23.6742,14.5,1089,5.0871,4.0,4.429,1.1477,1.0,0.4147,15.4962,0.0,70.7298
gzu-liyujiang/AndroidPicker,6767,10.39,57,239,13541,56.6569,12.0,1629,5.4351,3.0,6.8669,1.6444,1.0,1.2649,51.7155,0.0,331.965
Meituan-Dianping/Leaf,6733,7.25,0,40,1305,32.625,9.5,167,3.475,1.5,4.2486,1.425,1.0,1.035,11.25,0.0,35.0587
markzhai/AndroidPerformanceMonitor,6732,10.15,0,54,2234,41.3704,19.5,224,4.0741,3.0,3.9423,1.2778,1.0,0.529,14.0741,0.0,37.2492
zouzg/mybatis-generator-gui,6711,9.84,16,39,3047,78.1282,40.0,310,7.1795,5.0,7.8132,1.4872,1.0,0.6833,69.9487,3.0,255.1145
CeuiLiSA/Pixiv-Shaft,6704,6.95,119,1035,36065,34.8454,12.0,3809,4.799,3.0,5.8475,1.4502,1.0,1.1136,25.0396,0.0,253.7632
quartz-scheduler/quartz,6703,10.02,8,506,35394,69.9486,24.5,4051,5.5791,3.0,6.4022,1.4545,1.0,0.8484,124.5791,1.0,820.191
getActivity/XXPermissions,6701,7.74,74,197,9158,46.4873,12.0,1032,6.6701,4.0,6.5432,1.5482,1.0,0.8944,86.0914,1.0,880.2535
648540858/wvp-GB28181-pro,6699,5.33,2,786,49771,63.3219,23.0,4807,8.2417,5.0,10.1834,1.285,1.0,0.5272,33.3346,0.0,169.7592
hongyangAndroid/AndroidAutoLayout,6691,10.31,0,78,2370,30.3846,27.0,321,5.8333,5.0,4.6527,2.0,2.0,0.7025,8.8077,8.0,16.3708
jOOQ/jOOQ,6680,14.9,117,3371,228082,67.66,15.0,49090,9.814,7.0,18.0009,1.822,1.0,3.0754,1691.7277,3.0,43362.3669
apache/storm,6671,12.35,7,4390,359429,81.8745,27.0,27096,5.3257,3.0,6.7566,1.2166,1.0,0.7381,48.7968,1.0,430.9396
yanzhenjie/AndPermission,6652,9.5,0,168,4486,26.7024,13.0,528,3.994,3.0,3.6665,1.1667,1.0,0.3738,7.4881,0.0,35.2617
Suwayomi/Suwayomi-Server,6610,5.22,58,412,41481,100.682,18.0,6585,5.5485,2.0,10.4141,1.6189,1.0,1.4692,1495.5218,1.0,21598.4159
